[Header],,,,,,,,,
IEMFileVersion,4,,,,,,,,
Date,8/18/21,,,,,,,,
Workflow,GenerateFASTQ,,,,,,,,
Application,FASTQ Only,,,,,,,,
Assay,TruSeq HT,,,,,,,,
Description,,,,,,,,,
Chemistry,Amplicon,,,,,,,,
,,,,,,,,,
[Reads],,,,,,,,,
151,,,,,,,,,
151,,,,,,,,,
,,,,,,,,,
[Settings],,,,,,,,,
ReverseComplement,0,,,,,,,,
Adapter,AGATCGGAAGAGCACACGTCTGAACTCCAGTCA,,,,,,,,
AdapterRead2,AGATCGGAAGAGCGTCGTGTAGGGAAAGAGTGT,,,,,,,,
,,,,,,,,,
[Data],,,,,,,,,
Sample_ID,Sample_Name,Sample_Plate,Sample_Well,I7_Index_ID,index,I5_Index_ID,index2,Sample_Project,Description
apple_test_1,,,,,,,,apple_test_1,
,,,,,,,,,
[Bioinformatics],,,,,,,,,
,,,,,,,,,
Project,ForwardAdapter,ReverseAdapter,PolyGTrimming,HumanFiltering,QiitaID,,,,
,,,,,,,,,
apple_test_1,NA,NA,FALSE,FALSE,10556,,,,
,,,,,,,,,
apple_test_1,NA,NA,FALSE,FALSE,10567,,,,
,,,,,,,,,
apple_test_1,NA,NA,FALSE,FALSE,10568,,,,
,,,,,,,,,
apple_test_1,NA,NA,FALSE,FALSE,10569,,,,
,,,,,,,,,
apple_test_1,NA,NA,FALSE,FALSE,10570,,,,
,,,,,,,,,
apple_test_1,NA,NA,FALSE,FALSE,10571,,,,
